Time (decimal days from 0 A.D), Extinction coefficient beta (m^-1), Ice water content of cloud IWC (g m^{-3})
731112.27129877323750406504, 0.00000000000000000000, 0.00000000000000000000
731112.27141451393254101276, 0.00001788457468838118, 0.00018063915515509978
731112.27153025462757796049, 0.00005219661994936557, 0.00065637946414297168
731112.27164599532261490822, 0.00001672229605608495, 0.00019529453953188975
731112.27176173601765185595, 0.00001375337880424054, 0.00012816498209597011
731112.27187747671268880367, 0.00000415527621569833, 0.00003211491576699131
731112.27199321740772575140, 0.00000000000000000000, 0.00000000000000000000
731112.27210895810276269913, 0.00000028239446911524, 0.00000131376794219790
731112.27222469879779964685, 0.00000077746383541033, 0.00000361695137436813
731112.27234043949283659458, 0.00000000000000000000, 0.00000000000000000000
731112.27245618018787354231, 0.00000000000000000000, 0.00000000000000000000
731112.27257192088291049004, 0.00000000000000000000, 0.00000000000000000000
731112.27268766157794743776, 0.00000000000000000000, 0.00000000000000000000
731112.27280340227298438549, 0.00000000000000000000, 0.00000000000000000000
731112.27291914296802133322, 0.00000000000000000000, 0.00000000000000000000
731112.27303488366305828094, 0.00000000000000000000, 0.00000000000000000000
731112.27315062435809522867, 0.00000000000000000000, 0.00000000000000000000
731112.27326636505313217640, 0.00000000000000000000, 0.00000000000000000000
731112.27338210574816912413, 0.00000000000000000000, 0.00000000000000000000
731112.27349784644320607185, 0.00000000000000000000, 0.00000000000000000000
731112.27361358713824301958, 0.00000712560157534424, 0.00008641549912665028
731112.27372932783327996731, 0.00000476799111054981, 0.00007197335014162381
731112.27384506852831691504, 0.00000432897539606610, 0.00003952765022297991
731112.27396080922335386276, 0.00000024237224014626, 0.00000109880050541492
731112.27407654991839081049, 0.00000066477252809409, 0.00000301376258854951
731112.27419229061342775822, 0.00000000000000000000, 0.00000000000000000000
731112.27430803130846470594, 0.00000000000000000000, 0.00000000000000000000
731112.27442377200350165367, 0.00000000000000000000, 0.00000000000000000000
731112.27453951269853860140, 0.00000000000000000000, 0.00000000000000000000
731112.27465525339357554913, 0.00000000000000000000, 0.00000000000000000000
731112.27477099408861249685, 0.00000000000000000000, 0.00000000000000000000
731112.27488673478364944458, 0.00000000000000000000, 0.00000000000000000000
731112.27500247547868639231, 0.00000000000000000000, 0.00000000000000000000
731112.27511821617372334003, 0.00000000000000000000, 0.00000000000000000000
731112.27523395686876028776, 0.00001295067186313014, 0.00010778018208136625
731112.27534969756379723549, 0.00000371395838488192, 0.00003877097487891040
731112.27546543825883418322, 0.00001643549634787995, 0.00015996342803741720
731112.27558117895387113094, 0.00008833226244138356, 0.00137719455016509836
731112.27569691964890807867, 0.00005656232531403625, 0.00062320947019323775
731112.27581266034394502640, 0.00003121256829035932, 0.00028670094931575554
731112.27592840103898197412, 0.00002491178081839186, 0.00026745316850025256
731112.27604414173401892185, 0.00001990302154688525, 0.00028211230845029525
731112.27615988242905586958, 0.00003287163660159042, 0.00034207431952227809
731112.27627562312409281731, 0.00004963107430246110, 0.00059346114913316381
731112.27639136381912976503, 0.00005100449844057231, 0.00058253815806136528
731112.27650710451416671276, 0.00004341690259312521, 0.00046380734655694465
731112.27662284520920366049, 0.00004256593454231238, 0.00039234341080808326
731112.27673858590424060822, 0.00008867165642411724, 0.00070741497813014639
731112.27685432659927755594, 0.00006401769295536633, 0.00076822923062744362
731112.27697006729431450367, 0.00001934840268662175, 0.00017422942367522983
731112.27708580798935145140, 0.00006908035103512227, 0.00081090712267624420
731112.27720154868438839912, 0.00002364778501743420, 0.00021778449281741166
731112.27731728937942534685, 0.00003480674728796623, 0.00038067480447558566
731112.27743303007446229458, 0.00001058244205422411, 0.00011251051319002969
731112.27754877076949924231, 0.00001102439857165817, 0.00010158132076116436
731112.27766451146453619003, 0.00000290983223706425, 0.00002528054904953975
731112.27778025215957313776, 0.00003021732455871177, 0.00025960684797534571
731112.27789599285461008549, 0.00000506016337306154, 0.00003583796354453661
731112.27801173354964703321, 0.00003880364938752010, 0.00061467986021480230
731112.27812747424468398094, 0.00002934254275797140, 0.00028726120246368137
731112.27824321493972092867, 0.00002152745568218865, 0.00019647322857827180
731112.27835895563475787640, 0.00001232902277026604, 0.00012839737699062620
731112.27847469632979482412, 0.00001574063516979687, 0.00016128694531056918
731112.27859043702483177185, 0.00000000000000000000, 0.00000000000000000000
731112.27870617771986871958, 0.00000000000000000000, 0.00000000000000000000
731112.27882191841490566730, 0.00000000000000000000, 0.00000000000000000000
731112.27893765910994261503, 0.00000000000000000000, 0.00000000000000000000
731112.27905339980497956276, 0.00000000000000000000, 0.00000000000000000000
731112.27916914050001651049, 0.00000000000000000000, 0.00000000000000000000
731112.27928488119505345821, 0.00000000000000000000, 0.00000000000000000000
731112.27940062189009040594, 0.00000000000000000000, 0.00000000000000000000
731112.27951636258512735367, 0.00000000000000000000, 0.00000000000000000000
731112.27963210328016430140, 0.00000000000000000000, 0.00000000000000000000
731112.27974784397520124912, 0.00000000000000000000, 0.00000000000000000000
731112.27986358467023819685, 0.00000000000000000000, 0.00000000000000000000
731112.27997932536527514458, 0.00000000000000000000, 0.00000000000000000000
731112.28009506606031209230, 0.00000000000000000000, 0.00000000000000000000
731112.28021080675534904003, 0.00000000000000000000, 0.00000000000000000000
731112.28032654745038598776, 0.00000000000000000000, 0.00000000000000000000
731112.28044228814542293549, 0.00000000000000000000, 0.00000000000000000000
731112.28055802884045988321, 0.00000000000000000000, 0.00000000000000000000
731112.28067376953549683094, 0.00000000000000000000, 0.00000000000000000000
731112.28078951023053377867, 0.00000000000000000000, 0.00000000000000000000
731112.28090525092557072639, 0.00000000000000000000, 0.00000000000000000000
731112.28102099162060767412, 0.00000000000000000000, 0.00000000000000000000
731112.28113673231564462185, 0.00000000000000000000, 0.00000000000000000000
731112.28125247301068156958, 0.00000000000000000000, 0.00000000000000000000
731112.28136821370571851730, 0.00000000000000000000, 0.00000000000000000000
731112.28148395440075546503, 0.00000000000000000000, 0.00000000000000000000
731112.28159969509579241276, 0.00000000000000000000, 0.00000000000000000000
731112.28171543579082936049, 0.00000000000000000000, 0.00000000000000000000
731112.28183117648586630821, 0.00000000000000000000, 0.00000000000000000000
731112.28194691718090325594, 0.00000000000000000000, 0.00000000000000000000
731112.28206265787594020367, 0.00000000000000000000, 0.00000000000000000000
731112.28217839857097715139, 0.00000000000000000000, 0.00000000000000000000
731112.28229413926601409912, 0.00000000000000000000, 0.00000000000000000000
731112.28240987996105104685, 0.00000000000000000000, 0.00000000000000000000
731112.28252562065608799458, 0.00000000000000000000, 0.00000000000000000000
731112.28264136135112494230, 0.00000000000000000000, 0.00000000000000000000
731112.28275710204616189003, 0.00000000000000000000, 0.00000000000000000000
731112.28287284274119883776, 0.00000000000000000000, 0.00000000000000000000
731112.28298858343623578548, 0.00000000000000000000, 0.00000000000000000000
731112.28310432413127273321, 0.00000000000000000000, 0.00000000000000000000
731112.28322006482630968094, 0.00000000000000000000, 0.00000000000000000000
731112.28333580552134662867, 0.00000000000000000000, 0.00000000000000000000
731112.28345154621638357639, 0.00000000000000000000, 0.00000000000000000000
731112.28356728691142052412, 0.00000000000000000000, 0.00000000000000000000
731112.28368302760645747185, 0.00000000000000000000, 0.00000000000000000000
731112.28379876830149441957, 0.00000000000000000000, 0.00000000000000000000
731112.28391450899653136730, 0.00000000000000000000, 0.00000000000000000000
731112.28403024969156831503, 0.00000000000000000000, 0.00000000000000000000
731112.28414599038660526276, 0.00000000000000000000, 0.00000000000000000000
731112.28426173108164221048, 0.00000000000000000000, 0.00000000000000000000
731112.28437747177667915821, 0.00000000000000000000, 0.00000000000000000000
731112.28449321247171610594, 0.00000000000000000000, 0.00000000000000000000
731112.28460895316675305367, 0.00000000000000000000, 0.00000000000000000000
731112.28472469386179000139, 0.00000000000000000000, 0.00000000000000000000
731112.28484043455682694912, 0.00000000000000000000, 0.00000000000000000000
731112.28495617525186389685, 0.00000000000000000000, 0.00000000000000000000
731112.28507191594690084457, 0.00000000000000000000, 0.00000000000000000000
731112.28518765664193779230, 0.00000000000000000000, 0.00000000000000000000
731112.28530339733697474003, 0.00000000000000000000, 0.00000000000000000000
731112.28541913803201168776, 0.00000000000000000000, 0.00000000000000000000
731112.28553487872704863548, 0.00000000000000000000, 0.00000000000000000000
731112.28565061942208558321, 0.00000000000000000000, 0.00000000000000000000
731112.28576636011712253094, 0.00000000000000000000, 0.00000000000000000000
731112.28588210081215947866, 0.00000000000000000000, 0.00000000000000000000
731112.28599784150719642639, 0.00000000000000000000, 0.00000000000000000000
731112.28611358220223337412, 0.00000000000000000000, 0.00000000000000000000
731112.28622932289727032185, 0.00000000000000000000, 0.00000000000000000000
731112.28634506359230726957, 0.00000000000000000000, 0.00000000000000000000
731112.28646080428734421730, 0.00000000000000000000, 0.00000000000000000000
731112.28657654498238116503, 0.00000000000000000000, 0.00000000000000000000
731112.28669228567741811275, 0.00000000000000000000, 0.00000000000000000000
731112.28680802637245506048, 0.00000000000000000000, 0.00000000000000000000
731112.28692376706749200821, 0.00000000000000000000, 0.00000000000000000000
731112.28703950776252895594, 0.00000000000000000000, 0.00000000000000000000
731112.28715524845756590366, 0.00000000000000000000, 0.00000000000000000000
731112.28727098915260285139, 0.00000000000000000000, 0.00000000000000000000
731112.28738672984763979912, 0.00000000000000000000, 0.00000000000000000000
731112.28750247054267674685, 0.00000000000000000000, 0.00000000000000000000
731112.28761821123771369457, 0.00000000000000000000, 0.00000000000000000000
731112.28773395193275064230, 0.00000000000000000000, 0.00000000000000000000
731112.28784969262778759003, 0.00000000000000000000, 0.00000000000000000000
731112.28796543332282453775, 0.00000000000000000000, 0.00000000000000000000
731112.28808117401786148548, 0.00000000000000000000, 0.00000000000000000000
731112.28819691471289843321, 0.00000000000000000000, 0.00000000000000000000
731112.28831265540793538094, 0.00000000000000000000, 0.00000000000000000000
731112.28842839610297232866, 0.00000000000000000000, 0.00000000000000000000
731112.28854413679800927639, 0.00000000000000000000, 0.00000000000000000000
731112.28865987749304622412, 0.00000000000000000000, 0.00000000000000000000
731112.28877561818808317184, 0.00000000000000000000, 0.00000000000000000000
731112.28889135888312011957, 0.00000000000000000000, 0.00000000000000000000
731112.28900709957815706730, 0.00000000000000000000, 0.00000000000000000000
731112.28912284027319401503, 0.00000000000000000000, 0.00000000000000000000
731112.28923858096823096275, 0.00000000000000000000, 0.00000000000000000000
731112.28935432166326791048, 0.00000000000000000000, 0.00000000000000000000
731112.28947006235830485821, 0.00000000000000000000, 0.00000000000000000000
731112.28958580305334180593, 0.00000000000000000000, 0.00000000000000000000
731112.28970154374837875366, 0.00000000000000000000, 0.00000000000000000000
731112.28981728444341570139, 0.00000000000000000000, 0.00000000000000000000
731112.28993302513845264912, 0.00000000000000000000, 0.00000000000000000000
731112.29004876583348959684, 0.00000000000000000000, 0.00000000000000000000
731112.29016450652852654457, 0.00000000000000000000, 0.00000000000000000000
731112.29028024722356349230, 0.00000000000000000000, 0.00000000000000000000
731112.29039598791860044003, 0.00000000000000000000, 0.00000000000000000000
731112.29051172861363738775, 0.00000000000000000000, 0.00000000000000000000
731112.29062746930867433548, 0.00000000000000000000, 0.00000000000000000000
731112.29074321000371128321, 0.00000000000000000000, 0.00000000000000000000
731112.29085895069874823093, 0.00000000000000000000, 0.00000000000000000000
731112.29097469139378517866, 0.00000000000000000000, 0.00000000000000000000
731112.29109043208882212639, 0.00000000000000000000, 0.00000000000000000000
731112.29120617278385907412, 0.00000000000000000000, 0.00000000000000000000
731112.29132191347889602184, 0.00000000000000000000, 0.00000000000000000000
731112.29143765417393296957, 0.00000000000000000000, 0.00000000000000000000
731112.29155339486896991730, 0.00000000000000000000, 0.00000000000000000000
731112.29166913556400686502, 0.00000000000000000000, 0.00000000000000000000
731112.29178487625904381275, 0.00000000000000000000, 0.00000000000000000000
731112.29190061695408076048, 0.00000000000000000000, 0.00000000000000000000
731112.29201635764911770821, 0.00000000000000000000, 0.00000000000000000000
731112.29213209834415465593, 0.00000000000000000000, 0.00000000000000000000
731112.29224783903919160366, 0.00000000000000000000, 0.00000000000000000000
731112.29236357973422855139, 0.00000000000000000000, 0.00000000000000000000
731112.29247932042926549911, 0.00000000000000000000, 0.00000000000000000000
731112.29259506112430244684, 0.00000000000000000000, 0.00000000000000000000
731112.29271080181933939457, 0.00000000000000000000, 0.00000000000000000000
731112.29282654251437634230, 0.00000000000000000000, 0.00000000000000000000
731112.29294228320941329002, 0.00000000000000000000, 0.00000000000000000000
731112.29305802390445023775, 0.00000000000000000000, 0.00000000000000000000
731112.29317376459948718548, 0.00000000000000000000, 0.00000000000000000000
731112.29328950529452413321, 0.00000000000000000000, 0.00000000000000000000
731112.29340524598956108093, 0.00000000000000000000, 0.00000000000000000000
731112.29352098668459802866, 0.00000000000000000000, 0.00000000000000000000
731112.29363672737963497639, 0.00000000000000000000, 0.00000000000000000000
731112.29375246807467192411, 0.00000000000000000000, 0.00000000000000000000
731112.29386820876970887184, 0.00000000000000000000, 0.00000000000000000000
731112.29398394946474581957, 0.00000000000000000000, 0.00000000000000000000
731112.29409969015978276730, 0.00000000000000000000, 0.00000000000000000000
731112.29421543085481971502, 0.00000000000000000000, 0.00000000000000000000
731112.29433117154985666275, 0.00000000000000000000, 0.00000000000000000000
731112.29444691224489361048, 0.00000000000000000000, 0.00000000000000000000
731112.29456265293993055820, 0.00000000000000000000, 0.00000000000000000000
731112.29467839363496750593, 0.00000000000000000000, 0.00000000000000000000
731112.29479413433000445366, 0.00000000000000000000, 0.00000000000000000000
731112.29490987502504140139, 0.00000000000000000000, 0.00000000000000000000
731112.29502561572007834911, 0.00000000000000000000, 0.00000000000000000000
731112.29514135641511529684, 0.00000000000000000000, 0.00000000000000000000
731112.29525709711015224457, 0.00000000000000000000, 0.00000000000000000000
731112.29537283780518919230, 0.00000000000000000000, 0.00000000000000000000
731112.29548857850022614002, 0.00000000000000000000, 0.00000000000000000000
731112.29560431919526308775, 0.00000000000000000000, 0.00000000000000000000
731112.29572005989030003548, 0.00000000000000000000, 0.00000000000000000000
731112.29583580058533698320, 0.00000000000000000000, 0.00000000000000000000
731112.29595154128037393093, 0.00000000000000000000, 0.00000000000000000000
731112.29606728197541087866, 0.00000000000000000000, 0.00000000000000000000
731112.29618302267044782639, 0.00000000000000000000, 0.00000000000000000000
731112.29629876336548477411, 0.00000000000000000000, 0.00000000000000000000
731112.29641450406052172184, 0.00000000000000000000, 0.00000000000000000000
731112.29653024475555866957, 0.00000000000000000000, 0.00000000000000000000
731112.29664598545059561729, 0.00000000000000000000, 0.00000000000000000000
731112.29676172614563256502, 0.00000000000000000000, 0.00000000000000000000
731112.29687746684066951275, 0.00000000000000000000, 0.00000000000000000000
731112.29699320753570646048, 0.00000000000000000000, 0.00000000000000000000
731112.29710894823074340820, 0.00000000000000000000, 0.00000000000000000000
731112.29722468892578035593, 0.00000000000000000000, 0.00000000000000000000
731112.29734042962081730366, 0.00000000000000000000, 0.00000000000000000000
731112.29745617031585425138, 0.00000000000000000000, 0.00000000000000000000
731112.29757191101089119911, 0.00000000000000000000, 0.00000000000000000000
731112.29768765170592814684, 0.00000000000000000000, 0.00000000000000000000
731112.29780339240096509457, 0.00000000000000000000, 0.00000000000000000000
731112.29791913309600204229, 0.00000000000000000000, 0.00000000000000000000
731112.29803487379103899002, 0.00000000000000000000, 0.00000000000000000000
731112.29815061448607593775, 0.00000000000000000000, 0.00000000000000000000
731112.29826635518111288548, 0.00000000000000000000, 0.00000000000000000000
731112.29838209587614983320, 0.00000000000000000000, 0.00000000000000000000
731112.29849783657118678093, 0.00000000000000000000, 0.00000000000000000000
731112.29861357726622372866, 0.00000000000000000000, 0.00000000000000000000
731112.29872931796126067638, 0.00000000000000000000, 0.00000000000000000000
731112.29884505865629762411, 0.00000000000000000000, 0.00000000000000000000
731112.29896079935133457184, 0.00000000000000000000, 0.00000000000000000000
731112.29907654004637151957, 0.00000000000000000000, 0.00000000000000000000
731112.29919228074140846729, 0.00000000000000000000, 0.00000000000000000000
731112.29930802143644541502, 0.00000000000000000000, 0.00000000000000000000
731112.29942376213148236275, 0.00000000000000000000, 0.00000000000000000000
731112.29953950282651931047, 0.00000000000000000000, 0.00000000000000000000
731112.29965524352155625820, 0.00000000000000000000, 0.00000000000000000000
731112.29977098421659320593, 0.00000000000000000000, 0.00000000000000000000
731112.29988672491163015366, 0.00000000000000000000, 0.00000000000000000000
731112.30000246560666710138, 0.00000000000000000000, 0.00000000000000000000
731112.30011820630170404911, 0.00000000000000000000, 0.00000000000000000000
731112.30023394699674099684, 0.00000000000000000000, 0.00000000000000000000
731112.30034968769177794456, 0.00000000000000000000, 0.00000000000000000000
731112.30046542838681489229, 0.00000000000000000000, 0.00000000000000000000
731112.30058116908185184002, 0.00000000000000000000, 0.00000000000000000000
731112.30069690977688878775, 0.00000000000000000000, 0.00000000000000000000
731112.30081265047192573547, 0.00000000000000000000, 0.00000000000000000000
731112.30092839116696268320, 0.00000000000000000000, 0.00000000000000000000
731112.30104413186199963093, 0.00000000000000000000, 0.00000000000000000000
731112.30115987255703657866, 0.00000000000000000000, 0.00000000000000000000
731112.30127561325207352638, 0.00000000000000000000, 0.00000000000000000000
731112.30139135394711047411, 0.00000000000000000000, 0.00000000000000000000
731112.30150709464214742184, 0.00000000000000000000, 0.00000000000000000000
731112.30162283533718436956, 0.00000000000000000000, 0.00000000000000000000
731112.30173857603222131729, 0.00000000000000000000, 0.00000000000000000000
731112.30185431672725826502, 0.00000000000000000000, 0.00000000000000000000
731112.30197005742229521275, 0.00000000000000000000, 0.00000000000000000000
731112.30208579811733216047, 0.00000000000000000000, 0.00000000000000000000
731112.30220153881236910820, 0.00000000000000000000, 0.00000000000000000000
731112.30231727950740605593, 0.00000000000000000000, 0.00000000000000000000
731112.30243302020244300365, 0.00000000000000000000, 0.00000000000000000000
731112.30254876089747995138, 0.00000000000000000000, 0.00000000000000000000
731112.30266450159251689911, 0.00000000000000000000, 0.00000000000000000000
731112.30278024228755384684, 0.00000000000000000000, 0.00000000000000000000
731112.30289598298259079456, 0.00000000000000000000, 0.00000000000000000000
731112.30301172367762774229, 0.00000000000000000000, 0.00000000000000000000
731112.30312746437266469002, 0.00000000000000000000, 0.00000000000000000000
731112.30324320506770163774, 0.00000000000000000000, 0.00000000000000000000
731112.30335894576273858547, 0.00000000000000000000, 0.00000000000000000000
731112.30347468645777553320, 0.00000000000000000000, 0.00000000000000000000
731112.30359042715281248093, 0.00000000000000000000, 0.00000000000000000000
731112.30370616784784942865, 0.00000000000000000000, 0.00000000000000000000
731112.30382190854288637638, 0.00000000000000000000, 0.00000000000000000000
731112.30393764923792332411, 0.00000000000000000000, 0.00000000000000000000
731112.30405338993296027184, 0.00000000000000000000, 0.00000000000000000000
731112.30416913062799721956, 0.00000000000000000000, 0.00000000000000000000
731112.30428487132303416729, 0.00000000000000000000, 0.00000000000000000000
731112.30440061201807111502, 0.00000000000000000000, 0.00000000000000000000
731112.30451635271310806274, 0.00000000000000000000, 0.00000000000000000000
731112.30463209340814501047, 0.00000000000000000000, 0.00000000000000000000
731112.30474783410318195820, 0.00000000000000000000, 0.00000000000000000000
731112.30486357479821890593, 0.00000000000000000000, 0.00000000000000000000
731112.30497931549325585365, 0.00000000000000000000, 0.00000000000000000000
731112.30509505618829280138, 0.00000000000000000000, 0.00000000000000000000
731112.30521079688332974911, 0.00000000000000000000, 0.00000000000000000000
731112.30532653757836669683, 0.00000000000000000000, 0.00000000000000000000
731112.30544227827340364456, 0.00000000000000000000, 0.00000000000000000000
731112.30555801896844059229, 0.00000000000000000000, 0.00000000000000000000
731112.30567375966347754002, 0.00000000000000000000, 0.00000000000000000000
731112.30578950035851448774, 0.00000000000000000000, 0.00000000000000000000
731112.30590524105355143547, 0.00000000000000000000, 0.00000000000000000000
731112.30602098174858838320, 0.00000000000000000000, 0.00000000000000000000
731112.30613672244362533092, 0.00000000000000000000, 0.00000000000000000000
731112.30625246313866227865, 0.00000000000000000000, 0.00000000000000000000
731112.30636820383369922638, 0.00000000000000000000, 0.00000000000000000000
731112.30648394452873617411, 0.00000000000000000000, 0.00000000000000000000
731112.30659968522377312183, 0.00000000000000000000, 0.00000000000000000000
731112.30671542591881006956, 0.00000000000000000000, 0.00000000000000000000
731112.30683116661384701729, 0.00000000000000000000, 0.00000000000000000000
731112.30694690730888396502, 0.00000000000000000000, 0.00000000000000000000
731112.30706264800392091274, 0.00000000000000000000, 0.00000000000000000000
731112.30717838869895786047, 0.00000000000000000000, 0.00000000000000000000
731112.30729412939399480820, 0.00000000000000000000, 0.00000000000000000000
731112.30740987008903175592, 0.00000000000000000000, 0.00000000000000000000
731112.30752561078406870365, 0.00000000000000000000, 0.00000000000000000000
731112.30764135147910565138, 0.00000000000000000000, 0.00000000000000000000
731112.30775709217414259911, 0.00000000000000000000, 0.00000000000000000000
731112.30787283286917954683, 0.00000000000000000000, 0.00000000000000000000
731112.30798857356421649456, 0.00000000000000000000, 0.00000000000000000000
731112.30810431425925344229, 0.00000000000000000000, 0.00000000000000000000
731112.30822005495429039001, 0.00000000000000000000, 0.00000000000000000000
731112.30833579564932733774, 0.00000000000000000000, 0.00000000000000000000
731112.30845153634436428547, 0.00000000000000000000, 0.00000000000000000000
731112.30856727703940123320, 0.00000000000000000000, 0.00000000000000000000
731112.30868301773443818092, 0.00000000000000000000, 0.00000000000000000000
731112.30879875842947512865, 0.00000000000000000000, 0.00000000000000000000
731112.30891449912451207638, 0.00000000000000000000, 0.00000000000000000000
731112.30903023981954902411, 0.00000000000000000000, 0.00000000000000000000
731112.30914598051458597183, 0.00000000000000000000, 0.00000000000000000000
731112.30926172120962291956, 0.00000000000000000000, 0.00000000000000000000
731112.30937746190465986729, 0.00000000000000000000, 0.00000000000000000000
731112.30949320259969681501, 0.00000000000000000000, 0.00000000000000000000
731112.30960894329473376274, 0.00000000000000000000, 0.00000000000000000000
731112.30972468398977071047, 0.00000000000000000000, 0.00000000000000000000
731112.30984042468480765820, 0.00000000000000000000, 0.00000000000000000000
731112.30995616537984460592, 0.00000000000000000000, 0.00000000000000000000
731112.31007190607488155365, 0.00000000000000000000, 0.00000000000000000000
731112.31018764676991850138, 0.00000000000000000000, 0.00000000000000000000
731112.31030338746495544910, 0.00000000000000000000, 0.00000000000000000000
731112.31041912815999239683, 0.00000000000000000000, 0.00000000000000000000
731112.31053486885502934456, 0.00000000000000000000, 0.00000000000000000000
731112.31065060955006629229, 0.00000000000000000000, 0.00000000000000000000
731112.31076635024510324001, 0.00000000000000000000, 0.00000000000000000000
731112.31088209094014018774, 0.00000000000000000000, 0.00000000000000000000
731112.31099783163517713547, 0.00000000000000000000, 0.00000000000000000000
731112.31111357233021408319, 0.00000000000000000000, 0.00000000000000000000
731112.31122931302525103092, 0.00000000000000000000, 0.00000000000000000000
731112.31134505372028797865, 0.00000000000000000000, 0.00000000000000000000
731112.31146079441532492638, 0.00000000000000000000, 0.00000000000000000000
731112.31157653511036187410, 0.00000000000000000000, 0.00000000000000000000
731112.31169227580539882183, 0.00000000000000000000, 0.00000000000000000000
731112.31180801650043576956, 0.00000000000000000000, 0.00000000000000000000
731112.31192375719547271729, 0.00000000000000000000, 0.00000000000000000000
731112.31203949789050966501, 0.00000000000000000000, 0.00000000000000000000
731112.31215523858554661274, 0.00000000000000000000, 0.00000000000000000000
731112.31227097928058356047, 0.00000000000000000000, 0.00000000000000000000
731112.31238671997562050819, 0.00000000000000000000, 0.00000000000000000000
731112.31250246067065745592, 0.00000000000000000000, 0.00000000000000000000
731112.31261820136569440365, 0.00000000000000000000, 0.00000000000000000000
731112.31273394206073135138, 0.00000000000000000000, 0.00000000000000000000
731112.31284968275576829910, 0.00000000000000000000, 0.00000000000000000000
731112.31296542345080524683, 0.00000000000000000000, 0.00000000000000000000
731112.31308116414584219456, 0.00000000000000000000, 0.00000000000000000000
731112.31319690484087914228, 0.00000000000000000000, 0.00000000000000000000
731112.31331264553591609001, 0.00000000000000000000, 0.00000000000000000000
731112.31342838623095303774, 0.00000000000000000000, 0.00000000000000000000
731112.31354412692598998547, 0.00000000000000000000, 0.00000000000000000000
731112.31365986762102693319, 0.00000000000000000000, 0.00000000000000000000
731112.31377560831606388092, 0.00000000000000000000, 0.00000000000000000000
731112.31389134901110082865, 0.00000000000000000000, 0.00000000000000000000
731112.31400708970613777637, 0.00000000000000000000, 0.00000000000000000000
731112.31412283040117472410, 0.00000000000000000000, 0.00000000000000000000
731112.31423857109621167183, 0.00000000000000000000, 0.00000000000000000000
731112.31435431179124861956, 0.00000000000000000000, 0.00000000000000000000
731112.31447005248628556728, 0.00000000000000000000, 0.00000000000000000000
731112.31458579318132251501, 0.00000000000000000000, 0.00000000000000000000
731112.31470153387635946274, 0.00000000000000000000, 0.00000000000000000000
731112.31481727457139641047, 0.00000000000000000000, 0.00000000000000000000
731112.31493301526643335819, 0.00000000000000000000, 0.00000000000000000000
731112.31504875596147030592, 0.00000000000000000000, 0.00000000000000000000
731112.31516449665650725365, 0.00000000000000000000, 0.00000000000000000000
731112.31528023735154420137, 0.00000000000000000000, 0.00000000000000000000
731112.31539597804658114910, 0.00000000000000000000, 0.00000000000000000000
731112.31551171874161809683, 0.00000000000000000000, 0.00000000000000000000
731112.31562745943665504456, 0.00000000000000000000, 0.00000000000000000000
731112.31574320013169199228, 0.00000000000000000000, 0.00000000000000000000
731112.31585894082672894001, 0.00000000000000000000, 0.00000000000000000000
731112.31597468152176588774, 0.00000000000000000000, 0.00000000000000000000
731112.31609042221680283546, 0.00000000000000000000, 0.00000000000000000000
731112.31620616291183978319, 0.00000000000000000000, 0.00000000000000000000
731112.31632190360687673092, 0.00000000000000000000, 0.00000000000000000000
731112.31643764430191367865, 0.00000000000000000000, 0.00000000000000000000
731112.31655338499695062637, 0.00000000000000000000, 0.00000000000000000000
731112.31666912569198757410, 0.00000000000000000000, 0.00000000000000000000
731112.31678486638702452183, 0.00000000000000000000, 0.00000000000000000000
731112.31690060708206146955, 0.00000000000000000000, 0.00000000000000000000
731112.31701634777709841728, 0.00000000000000000000, 0.00000000000000000000
731112.31713208847213536501, 0.00000000000000000000, 0.00000000000000000000
731112.31724782916717231274, 0.00000000000000000000, 0.00000000000000000000
731112.31736356986220926046, 0.00000000000000000000, 0.00000000000000000000
731112.31747931055724620819, 0.00000000000000000000, 0.00000000000000000000
731112.31759505125228315592, 0.00000000000000000000, 0.00000000000000000000
731112.31771079194732010365, 0.00000000000000000000, 0.00000000000000000000
731112.31782653264235705137, 0.00000000000000000000, 0.00000000000000000000
731112.31794227333739399910, 0.00000000000000000000, 0.00000000000000000000
731112.31805801403243094683, 0.00000000000000000000, 0.00000000000000000000
731112.31817375472746789455, 0.00000000000000000000, 0.00000000000000000000
731112.31828949542250484228, 0.00000000000000000000, 0.00000000000000000000
731112.31840523611754179001, 0.00000000000000000000, 0.00000000000000000000
731112.31852097681257873774, 0.00000000000000000000, 0.00000000000000000000
731112.31863671750761568546, 0.00000000000000000000, 0.00000000000000000000
731112.31875245820265263319, 0.00000000000000000000, 0.00000000000000000000
731112.31886819889768958092, 0.00000000000000000000, 0.00000000000000000000
731112.31898393959272652864, 0.00000000000000000000, 0.00000000000000000000
731112.31909968028776347637, 0.00000000000000000000, 0.00000000000000000000
731112.31921542098280042410, 0.00000000000000000000, 0.00000000000000000000
731112.31933116167783737183, 0.00000000000000000000, 0.00000000000000000000
731112.31944690237287431955, 0.00000000000000000000, 0.00000000000000000000
731112.31956264306791126728, 0.00000000000000000000, 0.00000000000000000000
731112.31967838376294821501, 0.00000000000000000000, 0.00000000000000000000
731112.31979412445798516273, 0.00000000000000000000, 0.00000000000000000000
731112.31990986515302211046, 0.00000000000000000000, 0.00000000000000000000
731112.32002560584805905819, 0.00000000000000000000, 0.00000000000000000000
731112.32014134654309600592, 0.00000000000000000000, 0.00000000000000000000
731112.32025708723813295364, 0.00000000000000000000, 0.00000000000000000000
731112.32037282793316990137, 0.00000000000000000000, 0.00000000000000000000
731112.32048856862820684910, 0.00000000000000000000, 0.00000000000000000000
731112.32060430932324379683, 0.00000000000000000000, 0.00000000000000000000
731112.32072005001828074455, 0.00000000000000000000, 0.00000000000000000000
731112.32083579071331769228, 0.00000000000000000000, 0.00000000000000000000
731112.32095153140835464001, 0.00000000000000000000, 0.00000000000000000000
731112.32106727210339158773, 0.00000000000000000000, 0.00000000000000000000
731112.32118301279842853546, 0.00000000000000000000, 0.00000000000000000000
731112.32129875349346548319, 0.00000000000000000000, 0.00000000000000000000
731112.32141449418850243092, 0.00000000000000000000, 0.00000000000000000000
731112.32153023488353937864, 0.00000000000000000000, 0.00000000000000000000
731112.32164597557857632637, 0.00000000000000000000, 0.00000000000000000000
731112.32176171627361327410, 0.00000000000000000000, 0.00000000000000000000
731112.32187745696865022182, 0.00000000000000000000, 0.00000000000000000000
731112.32199319766368716955, 0.00000000000000000000, 0.00000000000000000000
731112.32210893835872411728, 0.00000000000000000000, 0.00000000000000000000
731112.32222467905376106501, 0.00000064751236380973, 0.00000518781032722060
731112.32234041974879801273, 0.00000161366427103344, 0.00001292853177455952
731112.32245616044383496046, 0.00000667703394605994, 0.00007104058284770839
731112.32257190113887190819, 0.00001663229670003585, 0.00017696001865675646
731112.32268764183390885592, 0.00000465538774731764, 0.00004310862712747123
731112.32280338252894580364, 0.00002118335485582173, 0.00020909989311899494
731112.32291912322398275137, 0.00002260498136172924, 0.00046179345847863359
731112.32303486391901969910, 0.00002024242966046824, 0.00023577835153576948
731112.32315060461405664682, 0.00001132705846416240, 0.00008374543440923809
731112.32326634530909359455, 0.00000865007757803675, 0.00007562273771006503
731112.32338208600413054228, 0.00000047072627734950, 0.00000185821966226465
731112.32349782669916749001, 0.00000210772980600885, 0.00002150783737598425
731112.32361356739420443773, 0.00000908001012635800, 0.00008306363156442653
731112.32372930808924138546, 0.00004535034281059674, 0.00055294859544657762
731112.32384504878427833319, 0.00003822774582546776, 0.00048073306385683638
731112.32396078947931528091, 0.00003105649967820635, 0.00028382416042040532
731112.32407653017435222864, 0.00003473240064892888, 0.00065514417588540832
731112.32419227086938917637, 0.00001627675412143559, 0.00015785660064471664
731112.32430801156442612410, 0.00000271070633996523, 0.00001092559731495923
731112.32442375225946307182, 0.00000797240428531829, 0.00007239802358754832
731112.32453949295450001955, 0.00004067180629026054, 0.00091213879968117105
731112.32465523364953696728, 0.00001862439675626676, 0.00016827482424424539
731112.32477097434457391500, 0.00003658437206525563, 0.00025817290580162520
731112.32488671503961086273, 0.00003089247359575788, 0.00028013771936870644
731112.32500245573464781046, 0.00001929635122096220, 0.00017780141432603350
731112.32511819642968475819, 0.00001848419684743220, 0.00017241965153487883
731112.32523393712472170591, 0.00000533434451763778, 0.00003398845995206629
731112.32534967781975865364, 0.00000067490721377978, 0.00000362632110826571
731112.32546541851479560137, 0.00000000000000000000, 0.00000000000000000000
731112.32558115920983254910, 0.00000000000000000000, 0.00000000000000000000
731112.32569689990486949682, 0.00000879077506300747, 0.00014350735157014454
731112.32581264059990644455, 0.00000186657416158860, 0.00001855372381821063
731112.32592838129494339228, 0.00000877730282532999, 0.00007654458362283014
731112.32604412198998034000, 0.00000420969613566732, 0.00003239957325723088
731112.32615986268501728773, 0.00000000000000000000, 0.00000000000000000000
731112.32627560338005423546, 0.00000000000000000000, 0.00000000000000000000
731112.32639134407509118319, 0.00000058863812167116, 0.00000434680651147352
731112.32650708477012813091, 0.00000145512677524134, 0.00001074540419448405
731112.32662282546516507864, 0.00000000000000000000, 0.00000000000000000000
731112.32673856616020202637, 0.00000000000000000000, 0.00000000000000000000
731112.32685430685523897409, 0.00000000000000000000, 0.00000000000000000000
731112.32697004755027592182, 0.00000000000000000000, 0.00000000000000000000
731112.32708578824531286955, 0.00000000000000000000, 0.00000000000000000000
731112.32720152894034981728, 0.00000000000000000000, 0.00000000000000000000
731112.32731726963538676500, 0.00000000000000000000, 0.00000000000000000000
731112.32743301033042371273, 0.00000000000000000000, 0.00000000000000000000
731112.32754875102546066046, 0.00000000000000000000, 0.00000000000000000000
731112.32766449172049760818, 0.00000000000000000000, 0.00000000000000000000
731112.32778023241553455591, 0.00000000000000000000, 0.00000000000000000000
731112.32789597311057150364, 0.00000000000000000000, 0.00000000000000000000
731112.32801171380560845137, 0.00000373336077575416, 0.00002984382713452892
731112.32812745450064539909, 0.00000000000000000000, 0.00000000000000000000
731112.32824319519568234682, 0.00000540514733652652, 0.00006275440639591859
731112.32835893589071929455, 0.00000000000000000000, 0.00000000000000000000
731112.32847467658575624228, 0.00000403859020350389, 0.00002610121108079842
731112.32859041728079319000, 0.00001306633919743274, 0.00011864375654905208
731112.32870615797583013773, 0.00003814841522599233, 0.00031798137243422084
731112.32882189867086708546, 0.00003252428402257368, 0.00025132172385077472
731112.32893763936590403318, 0.00003711538706467922, 0.00030986374255080634
731112.32905338006094098091, 0.00002586653174424008, 0.00030128204687624268
731112.32916912075597792864, 0.00002172370664427433, 0.00017530069570096199
731112.32928486145101487637, 0.00006034597218064506, 0.00054444913370789623
731112.32940060214605182409, 0.00009161504653672545, 0.00086010470664959235
731112.32951634284108877182, 0.00009468120157546025, 0.00093750310712837704
731112.32963208353612571955, 0.00008559926143322356, 0.00092691721490145251
731112.32974782423116266727, 0.00004341127815593346, 0.00046127774231676172
731112.32986356492619961500, 0.00005296165367183459, 0.00046593155793578193
731112.32997930562123656273, 0.00009571328725620009, 0.00087206827456571070
731112.33009504631627351046, 0.00004507685233518324, 0.00039259922839985685
731112.33021078701131045818, 0.00005481227852230558, 0.00049507586382048496
731112.33032652770634740591, 0.00009633967841830354, 0.00098776190695806939
731112.33044226840138435364, 0.00003926096932060347, 0.00041324116778973231
731112.33055800909642130136, 0.00012269177008269791, 0.00110957669633845145
731112.33067374979145824909, 0.00017387736999515654, 0.00236120295949959237
731112.33078949048649519682, 0.00011247806019858009, 0.00102578135320942039
731112.33090523118153214455, 0.00011513433430031992, 0.00124607090238511211
731112.33102097187656909227, 0.00009024423123911413, 0.00073073766926283880
731112.33113671257160604000, 0.00006621637516873740, 0.00068859532454800269
731112.33125245326664298773, 0.00003718602362333280, 0.00034151696842444495
731112.33136819396167993546, 0.00005899118009865824, 0.00072588418905073057
731112.33148393465671688318, 0.00010594921597717558, 0.00125927203676624985
731112.33159967535175383091, 0.00008191369282378134, 0.00066317578561774111
731112.33171541604679077864, 0.00009447584137365784, 0.00087154504355222416
731112.33183115674182772636, 0.00008278677802021014, 0.00079424132885934969
731112.33194689743686467409, 0.00003808737265471793, 0.00032522596216748485
731112.33206263813190162182, 0.00008726370532407105, 0.00073490445692166737
731112.33217837882693856955, 0.00007020071483002183, 0.00051896190485372241
731112.33229411952197551727, 0.00010586820407963422, 0.00091579230506622794
731112.33240986021701246500, 0.00014850958977264631, 0.00212307526602430966
731112.33252560091204941273, 0.00012209572588708437, 0.00133509990730283764
731112.33264134160708636045, 0.00017150731038959805, 0.00238946975544715272
731112.33275708230212330818, 0.00012316315743795520, 0.00143842614841080277
731112.33287282299716025591, 0.00017952602040117248, 0.00338420778544405070
731112.33298856369219720364, 0.00013693943465675036, 0.00206741392315255585
731112.33310430438723415136, 0.00015062686549199253, 0.00301250604624725936
731112.33322004508227109909, 0.00005669631640420502, 0.00048644181204619607
731112.33333578577730804682, 0.00012259419003694772, 0.00253942008544790713
731112.33345152647234499454, 0.00006604641861480059, 0.00144816172407986670
731112.33356726716738194227, 0.00003392411939055831, 0.00032121111333040643
731112.33368300786241889000, 0.00001188493564583484, 0.00011814382901564941
731112.33379874855745583773, 0.00000684383019088083, 0.00006654532411292868
731112.33391448925249278545, 0.00001517500840591701, 0.00014341237052274469
731112.33403022994752973318, 0.00000627678330240076, 0.00004613433758199186
731112.33414597064256668091, 0.00000384441068371670, 0.00002463185133689628
731112.33426171133760362864, 0.00000471162890177040, 0.00003506071827196100
731112.33437745203264057636, 0.00001394308138140770, 0.00014366462494601199
731112.33449319272767752409, 0.00001461989597489214, 0.00007473992503143148
731112.33460893342271447182, 0.00001867813674350554, 0.00016302690794307010
731112.33472467411775141954, 0.00001898322870832323, 0.00019001440896004510
731112.33484041481278836727, 0.00002215188727466870, 0.00023731903711197695
731112.33495615550782531500, 0.00003878154508480710, 0.00038237174819018109
731112.33507189620286226273, 0.00004756545640487578, 0.00055918208615141443
731112.33518763689789921045, 0.00002324537883297408, 0.00009340800884935995
731112.33530337759293615818, 0.00003556879209144905, 0.00038194184179208949
731112.33541911828797310591, 0.00006127962477489628, 0.00040983862545943873
731112.33553485898301005363, 0.00005418292795020007, 0.00059562109897511365
731112.33565059967804700136, 0.00007672773744145234, 0.00089750712333669575
731112.33576634037308394909, 0.00008334935969657980, 0.00118021686991523858
731112.33588208106812089682, 0.00019122058027953780, 0.00299975255352535712
731112.33599782176315784454, 0.00011381067682582786, 0.00112919274187884633
731112.33611356245819479227, 0.00014680384993129492, 0.00148461935009891965
731112.33622930315323174000, 0.00010266884857215849, 0.00100162945621199220
731112.33634504384826868773, 0.00003698366686898947, 0.00026206008829062567
731112.33646078454330563545, 0.00015029783816221214, 0.00229723483983072449
731112.33657652523834258318, 0.00010269764981022273, 0.00114539433010848405
731112.33669226593337953091, 0.00007397180817388678, 0.00064097752251461473
731112.33680800662841647863, 0.00009152818505801501, 0.00131569312800057666
731112.33692374732345342636, 0.00004233506202182333, 0.00030257239156011276
731112.33703948801849037409, 0.00005598729636518306, 0.00039542498417414747
731112.33715522871352732182, 0.00005784430064602785, 0.00047269975022071306
731112.33727096940856426954, 0.00003271243295342240, 0.00020702853484718292
731112.33738671010360121727, 0.00001652809690927233, 0.00012002184044969215
731112.33750245079863816500, 0.00001528509982821764, 0.00014084004794515586
731112.33761819149367511272, 0.00002460313216653947, 0.00021118558752132677
731112.33773393218871206045, 0.00001115516370075148, 0.00008466620118339258
731112.33784967288374900818, 0.00000590416288956156, 0.00004427687446237914
731112.33796541357878595591, 0.00000561255007332946, 0.00003244142782673000
731112.33808115427382290363, 0.00002496971211710694, 0.00041669073865223573
731112.33819689496885985136, 0.00000405215590602348, 0.00002788097392334055
731112.33831263566389679909, 0.00003830039291617556, 0.00011426470243308764
731112.33842837635893374681, 0.00001737614121600576, 0.00015234038189751000
731112.33854411705397069454, 0.00001034752745473968, 0.00007766154000705838
731112.33865985774900764227, 0.00003403781718990114, 0.00033316569110963318
731112.33877559844404459000, 0.00005165247609685373, 0.00037024344672112062
731112.33889133913908153772, 0.00004962869070498199, 0.00043627763756294298
731112.33900707983411848545, 0.00003300145072124486, 0.00034082343838973876
731112.33912282052915543318, 0.00005724519003488147, 0.00058961190524583281
731112.33923856122419238091, 0.00003668668259373813, 0.00031910813633307576
731112.33935430191922932863, 0.00007735022454322799, 0.00065264150490235227
731112.33947004261426627636, 0.00004962029801378264, 0.00049566329293354106
731112.33958578330930322409, 0.00003624619342186077, 0.00045158109168495807
731112.33970152400434017181, 0.00001808340910109395, 0.00016387434872786575
731112.33981726469937711954, 0.00002750475290379266, 0.00023061323072453256
731112.33993300539441406727, 0.00004595219582811907, 0.00052831123584188839
731112.34004874608945101500, 0.00013907666399709344, 0.00144247849568745015
731112.34016448678448796272, 0.00010022408350637572, 0.00097614298659108795
731112.34028022747952491045, 0.00024756877041600821, 0.00248220503136581047
731112.34039596817456185818, 0.00040084249449964798, 0.00420902533360720602
731112.34051170886959880590, 0.00028084671067641053, 0.00331787793907409659
731112.34062744956463575363, 0.00020530759594485602, 0.00190572366833910304
731112.34074319025967270136, 0.00017742998139281646, 0.00173736355168985397
731112.34085893095470964909, 0.00013962543322719180, 0.00126510139029610753
731112.34097467164974659681, 0.00023088573308059781, 0.00191741371763141802
731112.34109041234478354454, 0.00017246887352580277, 0.00139767978823310008
731112.34120615303982049227, 0.00019519199722067422, 0.00170328941087840701
731112.34132189373485743999, 0.00017467039138254864, 0.00173998851304476339
731112.34143763442989438772, 0.00019678431644805063, 0.00202621996572897173
731112.34155337512493133545, 0.00030114236151430250, 0.00264268942880722859
731112.34166911581996828318, 0.00014874404902579376, 0.00141271698527384000
731112.34178485651500523090, 0.00011766065698773189, 0.00093712878502391281
731112.34190059721004217863, 0.00019542589737773532, 0.00186581624841001647
731112.34201633790507912636, 0.00018729099441969687, 0.00192888338469430327
731112.34213207860011607409, 0.00012236801825294235, 0.00118988895918579682
731112.34224781929515302181, 0.00012338438326741898, 0.00109334941156569838
731112.34236355999018996954, 0.00016280029926855845, 0.00163524477722241566
731112.34247930068522691727, 0.00011816526118243088, 0.00129494378406855770
731112.34259504138026386499, 0.00013625845414390217, 0.00109067283529414049
731112.34271078207530081272, 0.00019482926539509375, 0.00222048012080648585
731112.34282652277033776045, 0.00010549064903044421, 0.00102626911666925803
731112.34294226346537470818, 0.00006391118292152608, 0.00057308777273854124
731112.34305800416041165590, 0.00010062271974599342, 0.00116272524636088924
731112.34317374485544860363, 0.00005685148409773439, 0.00034135304341148363
731112.34328948555048555136, 0.00011103887394810886, 0.00076783720202335112
731112.34340522624552249908, 0.00010603119033370514, 0.00284362153614424115
731112.34352096694055944681, 0.00021456438127425611, 0.00183187185309368564
731112.34363670763559639454, 0.00017722020408581123, 0.00139239961001986611
731112.34375244833063334227, 0.00020831208867261704, 0.00185935263393310294
731112.34386818902567028999, 0.00021460196240470037, 0.00272116399537593746
731112.34398392972070723772, 0.00016610710792628599, 0.00138679850344472630
731112.34409967041574418545, 0.00029355573761977345, 0.00241121929128703142
731112.34421541111078113317, 0.00018751161873050798, 0.00172399148835813889
731112.34433115180581808090, 0.00013244171514866093, 0.00099905721738940815
731112.34444689250085502863, 0.00012889185618157739, 0.00100193308631518459
731112.34456263319589197636, 0.00008394013613958284, 0.00060702892917496995
731112.34467837389092892408, 0.00038429320943036624, 0.00363816172931095624
731112.34479411458596587181, 0.00024019948572586881, 0.00160959072692641418
731112.34490985528100281954, 0.00034325888738874900, 0.00272804042886267252
731112.34502559597603976727, 0.00022779525934138621, 0.00149476839334111689
731112.34514133667107671499, 0.00031286821043981217, 0.00228944331544758423
731112.34525707736611366272, 0.00023055930855312215, 0.00206965927043948044
731112.34537281806115061045, 0.00022125756196898517, 0.00163696494802851276
731112.34548855875618755817, 0.00031945814302833831, 0.00203686808283883242
731112.34560429945122450590, 0.00040873247154540329, 0.00332866385644501640
731112.34572004014626145363, 0.00049279217716898579, 0.00393057965890588473
731112.34583578084129840136, 0.00045180256514577464, 0.00374654694740520367
731112.34595152153633534908, 0.00093399052911531926, 0.01177404199270853762
731112.34606726223137229681, 0.00042785656127904056, 0.00292874361335963493
731112.34618300292640924454, 0.00042294211861086873, 0.00301279576901200379
731112.34629874362144619226, 0.00036035147379948323, 0.00236741608853924647
731112.34641448431648313999, 0.00022665186142793384, 0.00153582417490209680
731112.34653022501152008772, 0.00031090921949747228, 0.00195626352064740038
731112.34664596570655703545, 0.00018267741566528720, 0.00222965319374869748
731112.34676170640159398317, 0.00020712497613549578, 0.00132363451167245481
731112.34687744709663093090, 0.00014123569199568552, 0.00090171284715931388
731112.34699318779166787863, 0.00015456003725457232, 0.00116596332574907063
731112.34710892848670482635, 0.00018360971748544529, 0.00123711914926752506
731112.34722466918174177408, 0.00015905976054916057, 0.00096265065740709676
731112.34734040987677872181, 0.00018262271473776134, 0.00145466537073265329
731112.34745615057181566954, 0.00017129482775652744, 0.00130139443262880516
731112.34757189126685261726, 0.00013415787446859187, 0.00105202029527463404
731112.34768763196188956499, 0.00018508388411653433, 0.00127605727288654207
731112.34780337265692651272, 0.00027288841303446686, 0.00166668719166898627
731112.34791911335196346045, 0.00018283193429066997, 0.00138151968679870851
731112.34803485404700040817, 0.00026954433985540806, 0.00217796000791462257
731112.34815059474203735590, 0.00017862485292681170, 0.00139422068700216289
731112.34826633543707430363, 0.00018790325305643467, 0.00135566383044338789
731112.34838207613211125135, 0.00026451767854387704, 0.00285479916850072844
731112.34849781682714819908, 0.00024031023574847462, 0.00124935900364101329
731112.34861355752218514681, 0.00025686518855660165, 0.00170274464362097028
731112.34872929821722209454, 0.00020986874121400255, 0.00148243215883638859
731112.34884503891225904226, 0.00031593176182897142, 0.00236782293217907124
731112.34896077960729598999, 0.00025079749749490332, 0.00219845692814252605
731112.34907652030233293772, 0.00021422937908404047, 0.00161489849113911422
731112.34919226099736988544, 0.00021436695805714248, 0.00145078659368464693
731112.34930800169240683317, 0.00016897067832850678, 0.00124475716544420823
731112.34942374238744378090, 0.00026230734866573477, 0.00360947595933958998
731112.34953948308248072863, 0.00023947419882222747, 0.00152419574533817779
731112.34965522377751767635, 0.00018222858210200645, 0.00141070993194746409
731112.34977096447255462408, 0.00020417042427738101, 0.00144408721165733547
731112.34988670516759157181, 0.00016877837943309564, 0.00157440006212207929
731112.35000244586262851954, 0.00015589156821465926, 0.00105425210503115076
731112.35011818655766546726, 0.00007689944046630173, 0.00050860816236826480
731112.35023392725270241499, NaN, NaN
731112.35034966794773936272, NaN, NaN
731112.35046540864277631044, NaN, NaN
731112.35058114933781325817, NaN, NaN
731112.35069689003285020590, 0.00009874303544102150, 0.00088613010702247026
731112.35081263072788715363, 0.00024875857522247861, 0.00315832163838539225
731112.35092837142292410135, 0.00032135608071562653, 0.00703845331397362842
731112.35104411211796104908, 0.00029247114911904316, 0.00242012021818227563
731112.35115985281299799681, 0.00026526586998035294, 0.00255183153102023826
731112.35127559350803494453, 0.00040488739044894985, 0.00760837184357401452
731112.35139133420307189226, 0.00040429305914707484, 0.00333740312533885568
731112.35150707489810883999, 0.00028270373761281868, 0.00253314716032431537
731112.35162281559314578772, 0.00019266915975323380, 0.00170012449567554435
731112.35173855628818273544, 0.00036008235904696036, 0.00269577212726198299
731112.35185429698321968317, 0.00026807181646300055, 0.00255322991827697764
731112.35197003767825663090, 0.00022728994143615357, 0.00160592988434325170
731112.35208577837329357862, 0.00025690818377649036, 0.00217427196040095947
731112.35220151906833052635, 0.00020197530364294501, 0.00159831661224103675
731112.35231725976336747408, 0.00027084204932155452, 0.00150693003272465422
731112.35243300045840442181, 0.00020722868369096284, 0.00219536266498411136
731112.35254874115344136953, 0.00020858347807982674, 0.00141445515556001019
731112.35266448184847831726, 0.00038702286197441854, 0.00327802139042904185
731112.35278022254351526499, 0.00026966201352391473, 0.00193873378570291093
731112.35289596323855221272, 0.00033566034745312508, 0.00300199364163340841
731112.35301170393358916044, 0.00047422608917630578, 0.00424879966088084586
731112.35312744462862610817, 0.00013272230786230818, 0.00092109011538710369
731112.35324318532366305590, 0.00017337169419361014, 0.00096108646085946517
731112.35335892601870000362, 0.00011386399892052489, 0.00085557980060417635
731112.35347466671373695135, 0.00019016905298132513, 0.00143430712149555505
731112.35359040740877389908, 0.00010915562358089834, 0.00074562895442699742
731112.35370614810381084681, 0.00010212050795485611, 0.00081190937905181336
731112.35382188879884779453, 0.00015136115824443695, 0.00131169102228968228
731112.35393762949388474226, 0.00006512351410485615, 0.00054677842082849503
731112.35405337018892168999, 0.00007154648314512156, 0.00057830630978518817
731112.35416911088395863771, 0.00010056844986428516, 0.00058987945190676100
731112.35428485157899558544, 0.00003916449976217985, 0.00029331493731313252
731112.35440059227403253317, 0.00008055951738920154, 0.00066073944877875486
731112.35451633296906948090, 0.00004972196237393052, 0.00064949566579858569
731112.35463207366410642862, 0.00011835430267034115, 0.00317183308573143257
731112.35474781435914337635, 0.00008230191131306121, 0.00119037043059132697
731112.35486355505418032408, 0.00007018400941012962, 0.00065533016606018923
731112.35497929574921727180, 0.00010793953456569760, 0.00085643757878610209
731112.35509503644425421953, 0.00038096403736128867, 0.00528197511144359172
731112.35521077713929116726, 0.00024485250310211129, 0.00317826818037609182
731112.35532651783432811499, 0.00019468722343629217, 0.00165504849711772340
731112.35544225852936506271, 0.00016994427580021301, 0.00204904466534233057
731112.35555799922440201044, 0.00019863212761528311, 0.00304994087695192916
731112.35567373991943895817, 0.00029033766226630912, 0.00572564634123414601
731112.35578948061447590590, 0.00018643190980782975, 0.00206388010824540540
731112.35590522130951285362, 0.00027814867060223393, 0.00377088755796912631
731112.35602096200454980135, 0.00015270164885589391, 0.00146930927990681390
731112.35613670269958674908, 0.00013983229826549788, 0.00148028998599931136
731112.35625244339462369680, 0.00013286705982014271, 0.00147770351944631097
731112.35636818408966064453, 0.00032793538783643068, 0.00332285089467331245
731112.35648392478469759226, 0.00009613787649293001, 0.00098797607007587067
731112.35659966547973453999, 0.00007803294779987245, 0.00061983869694722394
731112.35671540617477148771, 0.00015296010404708063, 0.00150503957681796005
731112.35683114686980843544, 0.00027546550011384760, 0.00424694338487650348
731112.35694688756484538317, 0.00009472226452282445, 0.00105552297558939153
731112.35706262825988233089, 0.00009339600171902668, 0.00085599851158230729
731112.35717836895491927862, 0.00014741735105228276, 0.00191523016346575089
731112.35729410964995622635, 0.00007602791264286994, 0.00049062515705384883
731112.35740985034499317408, 0.00006928227514922548, 0.00055886836647194525
731112.35752559104003012180, 0.00006124032361793329, 0.00052977437217865617
731112.35764133173506706953, 0.00006700133107963542, 0.00052403016551146042
731112.35775707243010401726, 0.00004912108130430567, 0.00036439626612695106
731112.35787281312514096498, 0.00005263727648634759, 0.00033081890527574746
731112.35798855382017791271, 0.00007934537369961786, 0.00049121019345786893
731112.35810429451521486044, 0.00022385759749196608, 0.00562719360832534231
731112.35822003521025180817, 0.00007445254870909064, 0.00083582218149149171
731112.35833577590528875589, 0.00008119546044323600, 0.00067083083429199646
731112.35845151660032570362, 0.00025017948379236923, 0.00332224381320913274
731112.35856725729536265135, 0.00020575973590467776, 0.00222481804327109237
731112.35868299799039959908, 0.00018917697363880355, 0.00115375930645621400
731112.35879873868543654680, 0.00018173249032992679, 0.00248533690695752069
731112.35891447938047349453, 0.00014095622196869448, 0.00151195496979266808
731112.35903022007551044226, 0.00013215645608182807, 0.00166254370363123384
731112.35914596077054738998, 0.00006173472495700413, 0.00038277998947036575
731112.35926170146558433771, 0.00018423700116002858, 0.00196430468569990186
731112.35937744216062128544, 0.00031600248578063437, 0.00384039516814136620
731112.35949318285565823317, 0.00032699365697437050, 0.00284500397377131752
731112.35960892355069518089, 0.00024202583180377716, 0.00243896937941915238
731112.35972466424573212862, 0.00029766761853312543, 0.00350987707533086460
731112.35984040494076907635, 0.00028515462186302866, 0.00263139728673269895
731112.35995614563580602407, 0.00035328050760891424, 0.00353356050381427225
731112.36007188633084297180, 0.00021628777518956931, 0.00191504872690520175
731112.36018762702587991953, 0.00038505611527606348, 0.00547304843499511924
731112.36030336772091686726, 0.00034408368048210861, 0.00393889042246257058
731112.36041910841595381498, 0.00031216965609660158, 0.00271810661916674096
731112.36053484911099076271, 0.00023857190076603932, 0.00277152354409854413
731112.36065058980602771044, 0.00027387602375659689, 0.00334623083794793538
731112.36076633050106465816, 0.00033238268387061556, 0.00334427377646729501
731112.36088207119610160589, 0.00022467572140745051, 0.00192479000984523900
731112.36099781189113855362, 0.00019801831919583193, 0.00184691860752041540
731112.36111355258617550135, 0.00027766338263217533, 0.00267729152418387951
731112.36122929328121244907, 0.00026277288988323344, 0.00270488788047714519
731112.36134503397624939680, 0.00018617023908646302, 0.00184365934509402116
731112.36146077467128634453, 0.00008740884097009901, 0.00080700829156562701
731112.36157651536632329226, 0.00011261611787290533, 0.00081639629494064541
731112.36169225606136023998, 0.00009694666905913594, 0.00079657536085336964
731112.36180799675639718771, 0.00004265667399289896, 0.00034840463848535098
731112.36192373745143413544, 0.00005263979221227123, 0.00049451894250499972
731112.36203947814647108316, 0.00002724341736325688, 0.00028771300640936071
731112.36215521884150803089, 0.00002353698414654896, 0.00026646001624040458
731112.36227095953654497862, 0.00001317842484584596, 0.00011913849792855860
731112.36238670023158192635, 0.00005919951379598925, 0.00040066313221552818
731112.36250244092661887407, 0.00007673860431176577, 0.00089393238482193458
731112.36261818162165582180, 0.00013772926734882091, 0.00105489884835673542
731112.36273392231669276953, 0.00006373076486786658, 0.00058857914666264643
731112.36284966301172971725, 0.00006487884389067403, 0.00055891323679705285
731112.36296540370676666498, 0.00008836068118125919, 0.00089730107902331511
731112.36308114440180361271, 0.00010239102450863857, 0.00104709625914640330
731112.36319688509684056044, 0.00002475713016104629, 0.00012595727949360673
731112.36331262579187750816, 0.00006799874401396564, 0.00085293527252489304
731112.36342836648691445589, 0.00007208093456204456, 0.00076996438752126393
731112.36354410718195140362, 0.00006856860046137344, 0.00051232627188957315
731112.36365984787698835135, 0.00010937531717278114, 0.00127376573923575730
731112.36377558857202529907, 0.00008841542032349040, 0.00093966632044422879
731112.36389132926706224680, 0.00011353061198323169, 0.00154542694386130153
731112.36400706996209919453, 0.00012902228888954850, 0.00158890019596900369
731112.36412281065713614225, 0.00006536785826738784, 0.00080524185396415476
731112.36423855135217308998, 0.00012434536009455944, 0.00165747054913669908
731112.36435429204721003771, 0.00003812200346058962, 0.00031798998323352457
731112.36447003274224698544, 0.00005182174427232769, 0.00044147950555310713
731112.36458577343728393316, 0.00005975210377148955, 0.00059647869065800963
731112.36470151413232088089, 0.00004609844996330979, 0.00038324021459210610
731112.36481725482735782862, 0.00005585187203920038, 0.00043064614166429013
731112.36493299552239477634, 0.00003968813207754254, 0.00034497922315436763
731112.36504873621743172407, 0.00006282182131638709, 0.00049524678822008769
731112.36516447691246867180, 0.00006362778996892436, 0.00042302358632788503
731112.36528021760750561953, 0.00006908840025565520, 0.00049330396943337348
731112.36539595830254256725, 0.00009769942541993009, 0.00058348388213597373
731112.36551169899757951498, 0.00005893229102079928, 0.00053351759598944774
731112.36562743969261646271, 0.00011148895887420371, 0.00145167497079670628
731112.36574318038765341043, 0.00007839995559741755, 0.00070078891432863400
731112.36585892108269035816, 0.00008531848513970956, 0.00087929503097244519
731112.36597466177772730589, 0.00010757889215724888, 0.00121694479740168220
731112.36609040247276425362, 0.00006527107044042342, 0.00049022101376477133
731112.36620614316780120134, 0.00009585925115431689, 0.00072198224016807252
731112.36632188386283814907, 0.00004896380671152547, 0.00043730906584637944
731112.36643762455787509680, 0.00008024875227229632, 0.00085176112779449453
731112.36655336525291204453, 0.00009309532826928315, 0.00072717924362790246
731112.36666910594794899225, 0.00010073649871300886, 0.00112901008029051811
731112.36678484664298593998, 0.00012530512312601273, 0.00098082497926670108
731112.36690058733802288771, 0.00017242512001088212, 0.00196963046239695232
731112.36701632803305983543, 0.00017416633595171749, 0.00169645522424275038
731112.36713206872809678316, 0.00005262188191288260, 0.00042824011853065294
731112.36724780942313373089, 0.00009272346675544921, 0.00070604292426544937
731112.36736355011817067862, 0.00013013028563559192, 0.00119799741891498139
731112.36747929081320762634, 0.00013267705079444657, 0.00130647494986716752
731112.36759503150824457407, 0.00011802426924450212, 0.00124433579688168613
731112.36771077220328152180, 0.00013533839845713462, 0.00127026477843127550
731112.36782651289831846952, 0.00010681876008208838, 0.00092440601644701650
731112.36794225359335541725, 0.00014430082544994742, 0.00142702266754796830
731112.36805799428839236498, 0.00017350788827695014, 0.00174508119877528280
731112.36817373498342931271, 0.00016118434069302504, 0.00186541603143506630
731112.36828947567846626043, 0.00019339519856488899, 0.00133321168217560718
731112.36840521637350320816, 0.00009129088575800018, 0.00078375488161040881
731112.36852095706854015589, 0.00012674100665481807, 0.00139983148906237548
731112.36863669776357710361, 0.00015606053858629966, 0.00124390794405836755
731112.36875243845861405134, 0.00009907202180545332, 0.00076297742008658962
731112.36886817915365099907, 0.00015684753525231735, 0.00150463285405122134
731112.36898391984868794680, 0.00010676172218928926, 0.00099360004147319063
731112.36909966054372489452, 0.00012829134783303117, 0.00102499143350708922
731112.36921540123876184225, 0.00012516837522563820, 0.00117731440426445920
731112.36933114193379878998, 0.00027266382292497206, 0.00301301688023229448
731112.36944688262883573771, 0.00026042810552102518, 0.00219115185531575021
731112.36956262332387268543, 0.00029187389745894717, 0.00203639640842348795
731112.36967836401890963316, 0.00021567842219040261, 0.00205666685031308770
731112.36979410471394658089, 0.00023219206861563524, 0.00217988786410959652
731112.36990984540898352861, 0.00027027005337977822, 0.00272492762110098730
731112.37002558610402047634, 0.00037362126814223046, 0.00359534822934508627
731112.37014132679905742407, 0.00043933618809400204, 0.00438086745910761834
731112.37025706749409437180, 0.00027935934505855960, 0.00249475735991021557
731112.37037280818913131952, 0.00025212497217367403, 0.00210178101394488783
731112.37048854888416826725, 0.00030842877731187353, 0.00239666000471537143
731112.37060428957920521498, 0.00044938579418035620, 0.00457224317482361406
731112.37072003027424216270, 0.00044623660624031351, 0.00413471179959129347
731112.37083577096927911043, 0.00045326347578627228, 0.00503239597639932885
731112.37095151166431605816, 0.00047068509643962916, 0.00705082546328558452
731112.37106725235935300589, 0.00037388999414030889, 0.00371562186534601067
731112.37118299305438995361, 0.00045851939666363673, 0.00676044046162374134
731112.37129873374942690134, 0.00032241573381621411, 0.00482635102719301563
731112.37141447444446384907, 0.00024971237549286437, 0.00295518365727464802
731112.37153021513950079679, 0.00016960430842910074, 0.00176776113129636838
731112.37164595583453774452, 0.00018409166400818280, 0.00155028332956764700
731112.37176169652957469225, 0.00006498469955587525, 0.00074069361111177810
731112.37187743722461163998, 0.00004653901441258539, 0.00055978188081998376
731112.37199317791964858770, 0.00001351499404302955, 0.00011911850035307723
731112.37210891861468553543, 0.00003248160528133069, 0.00030345983979527516
731112.37222465930972248316, 0.00000482159010214924, 0.00003887624303670189
731112.37234040000475943089, 0.00000617767029605375, 0.00002192350274284016
731112.37245614069979637861, 0.00002748806971854759, 0.00032340419604062135
731112.37257188139483332634, 0.00002791904008363714, 0.00016149446872999282
731112.37268762208987027407, 0.00003634887217991298, 0.00033405180588453855
731112.37280336278490722179, 0.00003787498231812084, 0.00033745356027898926
731112.37291910347994416952, 0.00005771971354420767, 0.00056871148727510705
731112.37303484417498111725, 0.00002090667660756405, 0.00024176121271643564
731112.37315058487001806498, 0.00003321165377939621, 0.00039930899746504732
731112.37326632556505501270, 0.00002842433154117941, 0.00028688366628115268
731112.37338206626009196043, 0.00001141045639277741, 0.00010999938905466639
731112.37349780695512890816, 0.00002091042107959140, 0.00022946647219503524
731112.37361354765016585588, 0.00001525151335433660, 0.00015055571744384785
731112.37372928834520280361, 0.00006767498576374493, 0.00072832980949374309
731112.37384502904023975134, 0.00005939693664819613, 0.00046468222720511448
731112.37396076973527669907, 0.00003272080316226948, 0.00036088015855387191
731112.37407651043031364679, 0.00004641973301715180, 0.00044611753778927226
731112.37419225112535059452, 0.00009547837288683318, 0.00091330965975625717
731112.37430799182038754225, 0.00002453532401843622, 0.00023185992549992291
731112.37442373251542448997, 0.00005558146810730022, 0.00081805283719330350
731112.37453947321046143770, 0.00001346376086077881, 0.00016755866588841534
731112.37465521390549838543, 0.00000007279877364683, 0.00000020781139735096
731112.37477095460053533316, 0.00002147827379119296, 0.00059051433600982878
731112.37488669529557228088, 0.00001156666752748212, 0.00017654165934936734
731112.37500243599060922861, 0.00000000000000000000, 0.00000000000000000000
731112.37511817668564617634, 0.00000342781701902741, 0.00003094782139060112
731112.37523391738068312407, 0.00000000000000000000, 0.00000000000000000000
731112.37534965807572007179, 0.00000104449764161438, 0.00000877959956445238
731112.37546539877075701952, 0.00001086648364502525, 0.00009997133017872350
731112.37558113946579396725, 0.00000919575488545084, 0.00009022796292901042
731112.37569688016083091497, 0.00000000000000000000, 0.00000000000000000000
731112.37581262085586786270, 0.00000389345613902603, 0.00005288614068775585
731112.37592836155090481043, 0.00000000000000000000, 0.00000000000000000000
731112.37604410224594175816, 0.00000000000000000000, 0.00000000000000000000
731112.37615984294097870588, 0.00000000000000000000, 0.00000000000000000000
731112.37627558363601565361, 0.00000000000000000000, 0.00000000000000000000
731112.37639132433105260134, 0.00000153758352218817, 0.00001707903306704623
731112.37650706502608954906, 0.00000345641218291276, 0.00003839282686985261
731112.37662280572112649679, 0.00000000000000000000, 0.00000000000000000000
731112.37673854641616344452, 0.00000325035176032295, 0.00002611480033447460
731112.37685428711120039225, 0.00000000000000000000, 0.00000000000000000000
731112.37697002780623733997, 0.00000000000000000000, 0.00000000000000000000
731112.37708576850127428770, 0.00000000000000000000, 0.00000000000000000000
731112.37720150919631123543, 0.00000000000000000000, 0.00000000000000000000
731112.37731724989134818316, 0.00000184653725604626, 0.00000862179518390707
731112.37743299058638513088, 0.00000000000000000000, 0.00000000000000000000
731112.37754873128142207861, 0.00000000000000000000, 0.00000000000000000000
731112.37766447197645902634, 0.00000000000000000000, 0.00000000000000000000
731112.37778021267149597406, 0.00000000000000000000, 0.00000000000000000000
731112.37789595336653292179, 0.00000000000000000000, 0.00000000000000000000
731112.37801169406156986952, 0.00000044607327643721, 0.00000269637887741330
731112.37812743475660681725, 0.00000099972493220590, 0.00000604303672247201
731112.37824317545164376497, 0.00000037599714820600, 0.00000236370133523192
731112.37835891614668071270, 0.00000084230943330720, 0.00000529516764072868
731112.37847465684171766043, 0.00000000000000000000, 0.00000000000000000000
731112.37859039753675460815, 0.00000000000000000000, 0.00000000000000000000
731112.37870613823179155588, 0.00000000000000000000, 0.00000000000000000000
731112.37882187892682850361, 0.00000000000000000000, 0.00000000000000000000
731112.37893761962186545134, 0.00000000000000000000, 0.00000000000000000000
731112.37905336031690239906, 0.00000000000000000000, 0.00000000000000000000
731112.37916910101193934679, 0.00000000000000000000, 0.00000000000000000000
731112.37928484170697629452, 0.00000000000000000000, 0.00000000000000000000
731112.37940058240201324224, 0.00000000000000000000, 0.00000000000000000000
731112.37951632309705018997, 0.00000000000000000000, 0.00000000000000000000
731112.37963206379208713770, 0.00000000000000000000, 0.00000000000000000000
731112.37974780448712408543, 0.00000000000000000000, 0.00000000000000000000
731112.37986354518216103315, 0.00000000000000000000, 0.00000000000000000000
731112.37997928587719798088, 0.00000072716953852309, 0.00000610024656622554
731112.38009502657223492861, 0.00000162374988830998, 0.00001362168539222650
731112.38021076726727187634, 0.00000607901575718909, 0.00004059457911456057
731112.38032650796230882406, 0.00001094969921430522, 0.00010021055319331805
731112.38044224865734577179, 0.00008696096277467812, 0.00085772179881340007
731112.38055798935238271952, 0.00006507729996098165, 0.00057272502214613915
731112.38067373004741966724, 0.00004677117473903891, 0.00037282189335429756
731112.38078947074245661497, 0.00006173967641517498, 0.00064017408329641238
731112.38090521143749356270, 0.00003846854202993676, 0.00040940940232901023
731112.38102095213253051043, 0.00004258645398566477, 0.00040274507814630326
731112.38113669282756745815, 0.00004984630221058964, 0.00042752525196433194
731112.38125243352260440588, 0.00005673705007297106, 0.00046324119401643582
731112.38136817421764135361, 0.00011207767688308762, 0.00081504576740626584
731112.38148391491267830133, 0.00008627294204503267, 0.00095183185485870150
731112.38159965560771524906, 0.00010852358685000698, 0.00078332582794731279
731112.38171539630275219679, 0.00016476188626165719, 0.00147691942916987297
731112.38183113699778914452, 0.00014856146967612358, 0.00136293602717753619
731112.38194687769282609224, 0.00012014687574618213, 0.00115889447292576858
731112.38206261838786303997, 0.00011290160441986702, 0.00118882143904399740
731112.38217835908289998770, 0.00010803453764324545, 0.00099105481226283241
731112.38229409977793693542, 0.00014905489503977366, 0.00140372725999146587
731112.38240984047297388315, 0.00013763720316489235, 0.00085742026884447014
731112.38252558116801083088, 0.00009832899482237657, 0.00074476795729558744
731112.38264132186304777861, 0.00009229870930009272, 0.00067310414805813107
731112.38275706255808472633, 0.00005948065046513135, 0.00065873541196058145
731112.38287280325312167406, 0.00006822043298365999, 0.00070360630042577894
731112.38298854394815862179, 0.00007928786467033689, 0.00057256014250119287
731112.38310428464319556952, 0.00009325202387550824, 0.00067768565541946124
731112.38322002533823251724, 0.00007705279279335351, 0.00078672520483240944
731112.38333576603326946497, 0.00008114014672808935, 0.00059370269401126077
731112.38345150672830641270, 0.00009272300739667796, 0.00075508625140625245
731112.38356724742334336042, 0.00012808159491170347, 0.00074803253730228256
731112.38368298811838030815, 0.00008916289333676761, 0.00088277693452301880
731112.38379872881341725588, 0.00016226866869457505, 0.00182721183733522028
731112.38391446950845420361, 0.00030102566196669116, 0.00273748095988372723
731112.38403021020349115133, 0.00020786587714145157, 0.00146223015490194340
731112.38414595089852809906, 0.00025103295441228433, 0.00269409362713455246
731112.38426169159356504679, 0.00016863728439357669, 0.00135878922658893382
731112.38437743228860199451, 0.00021442030183584077, 0.00170198979220884832
731112.38449317298363894224, 0.00017435816583174290, 0.00130112268830381763
731112.38460891367867588997, 0.00026469278935859131, 0.00190901610278471404
731112.38472465437371283770, 0.00024689406353202838, 0.00246525593777234412
731112.38484039506874978542, 0.00048222765058742514, 0.00557632143525778768
731112.38495613576378673315, 0.00027899202390330635, 0.00180826880847537175
731112.38507187645882368088, 0.00038827727372096101, 0.00323136426479160880
731112.38518761715386062860, 0.00025102376805062761, 0.00223316686993339135
731112.38530335784889757633, 0.00034406466237716271, 0.00304748268846901900
731112.38541909854393452406, 0.00013766238708296717, 0.00117105405876434185
731112.38553483923897147179, 0.00034357640749213645, 0.00375055911315260847
731112.38565057993400841951, 0.00025867979845202270, 0.00254755101178725856
731112.38576632062904536724, 0.00016432279968649628, 0.00117043066097821061
731112.38588206132408231497, 0.00016345651705448449, 0.00143195971409731211
731112.38599780201911926270, 0.00006866855209731687, 0.00050930591467461084
731112.38611354271415621042, 0.00012777812972004294, 0.00097278167775250043
731112.38622928340919315815, 0.00010878380249318459, 0.00094324309577159256
731112.38634502410423010588, 0.00013328849436863190, 0.00161545548414091704
731112.38646076479926705360, 0.00030265770146348285, 0.00310322183716385883
731112.38657650549430400133, 0.00020910291005373841, 0.00208417744519894324
731112.38669224618934094906, 0.00019393825825167043, 0.00185619797623824342
731112.38680798688437789679, 0.00014970585188046976, 0.00130277227994295879
731112.38692372757941484451, 0.00012834332196283310, 0.00149813064770375898
731112.38703946827445179224, 0.00014082182734438572, 0.00124614050504843576
731112.38715520896948873997, 0.00021268511143664274, 0.00551072475592863376
731112.38727094966452568769, 0.00017913028099044483, 0.00164806239434447726
731112.38738669035956263542, 0.00022150092005975399, 0.00147456818303952006
731112.38750243105459958315, 0.00012596069709182100, 0.00088454880646976258
731112.38761817174963653088, 0.00022937107736990472, 0.00174362334680775214
731112.38773391244467347860, 0.00026692025920758522, 0.00203313309623341697
731112.38784965313971042633, 0.00035718714018592192, 0.00275026855115374043
731112.38796539383474737406, 0.00054219856151339202, 0.00462811372287066404
731112.38808113452978432178, 0.00037025415520566905, 0.00310687730360136808
731112.38819687522482126951, 0.00065125930491477134, 0.00554673099695263995
731112.38831261591985821724, 0.00088838956809607122, 0.00839817504427859372
731112.38842835661489516497, 0.00067630218426659411, 0.00521629536506248125
731112.38854409730993211269, 0.00063662719467865868, 0.00583881581985582973
731112.38865983800496906042, 0.00084224529188878152, 0.00744593719627351276
731112.38877557870000600815, 0.00045306470562806042, 0.00382006054764433625
731112.38889131939504295588, 0.00017815286017163769, 0.00128783200422177922
731112.38900706009007990360, 0.00011345405048133484, 0.00087234316985876240
731112.38912280078511685133, 0.00005594841467776250, 0.00042835365973141563
731112.38923854148015379906, 0.00007274117926030999, 0.00056449829691321979
731112.38935428217519074678, 0.00007573585631049199, 0.00074598451483021968
731112.38947002287022769451, 0.00008378315049038378, 0.00073434352108822936
731112.38958576356526464224, 0.00006312314550359595, 0.00061262886540517985
731112.38970150426030158997, 0.00015020799389135693, 0.00121002441240477101
731112.38981724495533853769, 0.00004828581068459065, 0.00030619287826057120
731112.38993298565037548542, 0.00002883713973498957, 0.00022138885707661139
731112.39004872634541243315, 0.00003461415906375050, 0.00035478786009556786
731112.39016446704044938087, 0.00001923038265276922, 0.00019996132369230234
731112.39028020773548632860, 0.00000626485889202363, 0.00005124592076569114
731112.39039594843052327633, 0.00000475035008456215, 0.00002780219690507476
731112.39051168912556022406, 0.00003825661538919107, 0.00039780768155915359
731112.39062742982059717178, 0.00001469708431843432, 0.00016398075355306450
731112.39074317051563411951, 0.00002350981304533170, 0.00017856397369679433
731112.39085891121067106724, 0.00002605811874574610, 0.00026028122861805744
731112.39097465190570801497, 0.00003449324884360797, 0.00036959303283851867
731112.39109039260074496269, 0.00001505335811931341, 0.00015197784325108736
731112.39120613329578191042, 0.00004179744304594248, 0.00036314826415004454
731112.39132187399081885815, 0.00000982716420154228, 0.00011037653947384471
731112.39143761468585580587, 0.00002013066072748067, 0.00008930966592836908
731112.39155335538089275360, 0.00001570419506293739, 0.00009689914297932269
731112.39166909607592970133, 0.00000561289969032067, 0.00003693978348664325
731112.39178483677096664906, 0.00002746720543890464, 0.00034371213683580948
731112.39190057746600359678, 0.00000362070019128117, 0.00003589826670304825
731112.39201631816104054451, 0.00000682847640764686, 0.00007418392722086865
731112.39213205885607749224, 0.00000515262047373342, 0.00002764312874761882
731112.39224779955111443996, 0.00000021168945271618, 0.00000082198877036742
731112.39236354024615138769, 0.00000046207818653374, 0.00000179424659797159
731112.39247928094118833542, 0.00000014010230505391, 0.00000049660197486509
731112.39259502163622528315, 0.00000036779663996184, 0.00000124864125739970
731112.39271076233126223087, 0.00000019763431101204, 0.00000052539600853773
731112.39282650302629917860, 0.00000817107967249017, 0.00003935023102056165
731112.39294224372133612633, 0.00001694653650156220, 0.00012079696359096746
731112.39305798441637307405, 0.00003236043346773733, 0.00034126143948141663
731112.39317372511141002178, 0.00005770836573949592, 0.00051076069203721732
731112.39328946580644696951, 0.00005070614035906747, 0.00036965108085603219
731112.39340520650148391724, 0.00003656233859357439, 0.00033894129038285388
731112.39352094719652086496, 0.00000900927834977437, 0.00006846077563593529
731112.39363668789155781269, 0.00001235932788999396, 0.00010031870360736617
731112.39375242858659476042, 0.00001362943516881536, 0.00010860466347993484
731112.39386816928163170815, 0.00000472426949572431, 0.00003481909080427824
731112.39398390997666865587, 0.00000208168878647824, 0.00001060971906121643
731112.39409965067170560360, 0.00000904565689541701, 0.00006366341442456433
731112.39421539136674255133, 0.00001298115703589337, 0.00018547714734836062
731112.39433113206177949905, 0.00000078130772194367, 0.00000269559592732162
731112.39444687275681644678, 0.00000024366663306880, 0.00000086129414701303
731112.39456261345185339451, 0.00000052293595667210, 0.00000191213554455208
731112.39467835414689034224, 0.00002814510665676932, 0.00020654712631252813
731112.39479409484192728996, 0.00001746012482003982, 0.00010503260766527973
731112.39490983553696423769, 0.00003038712205004568, 0.00032175120746706030
731112.39502557623200118542, 0.00001480771722853037, 0.00006493999908193866
731112.39514131692703813314, 0.00002226088700591674, 0.00013542839059379856
731112.39525705762207508087, 0.00002334506393119330, 0.00020738315841532594
731112.39537279831711202860, 0.00001284420209860547, 0.00012291903374154591
731112.39548853901214897633, 0.00001382995544476661, 0.00013043101850365621
731112.39560427970718592405, 0.00001853972252182944, 0.00010897086483774465
731112.39572002040222287178, 0.00006004775074172126, 0.00057315350584075434
731112.39583576109725981951, 0.00014330964318250868, 0.00115955497989525774
731112.39595150179229676723, 0.00017315263610720571, 0.00150672437652116741
731112.39606724248733371496, 0.00017651702671696285, 0.00138411257517143896
731112.39618298318237066269, 0.00012287068329520061, 0.00106879975383376846
731112.39629872387740761042, 0.00012039695427030820, 0.00098335226930801735
731112.39641446457244455814, 0.00010842247089399125, 0.00083030852109133109
731112.39653020526748150587, 0.00007613079401720686, 0.00056528956579860617
731112.39664594596251845360, 0.00008843766094848321, 0.00081525339521756456
731112.39676168665755540133, 0.00005381009903313026, 0.00051125662543770388
731112.39687742735259234905, 0.00007536088445892687, 0.00069573922138589346
731112.39699316804762929678, 0.00005875012623115749, 0.00046374487418298152
731112.39710890874266624451, 0.00004275449188528223, 0.00034098051880359270
731112.39722464943770319223, 0.00004379851165389597, 0.00029323863113083989
731112.39734039013274013996, 0.00002987170865189992, 0.00018541175037919326
731112.39745613082777708769, 0.00001783660497289018, 0.00015616572801097601
731112.39757187152281403542, 0.00000462392359266201, 0.00002610358182964549
731112.39768761221785098314, 0.00000503011611160844, 0.00003929227445216601
731112.39780335291288793087, 0.00000938886393876548, 0.00009667215428203653
731112.39791909360792487860, 0.00000779136184173524, 0.00005009764746449936
731112.39803483430296182632, 0.00000178895514992102, 0.00001209481618061423
731112.39815057499799877405, 0.00000541583512818441, 0.00003860602093825425
731112.39826631569303572178, 0.00000368824829158584, 0.00002876646366572563
731112.39838205638807266951, 0.00001075603630947579, 0.00005044190767520380
731112.39849779708310961723, 0.00000424842581958227, 0.00004270087254891717
731112.39861353777814656496, 0.00000165632549379669, 0.00001002372905848522
731112.39872927847318351269, 0.00000235474805497328, 0.00001448972291994440
731112.39884501916822046041, 0.00000648370084883195, 0.00005391142505651664
731112.39896075986325740814, 0.00001797338415999074, 0.00039879682177931672
731112.39907650055829435587, 0.00006288613147408672, 0.00089464380258160955
731112.39919224125333130360, 0.00008007573324531823, 0.00075019034409585822
731112.39930798194836825132, 0.00006656455422442546, 0.00065149507305737220
731112.39942372264340519905, 0.00007351564776626984, 0.00082491184105577429
731112.39953946333844214678, 0.00003078055854007462, 0.00023654409642715081
731112.39965520403347909451, 0.00002173987086567892, 0.00016379345415465062
731112.39977094472851604223, 0.00002085927735614310, 0.00023266164463338221
731112.39988668542355298996, 0.00000913926696908399, 0.00006469139027135312
731112.40000242611858993769, 0.00000728100019881360, 0.00005401329618666822
731112.40011816681362688541, 0.00003245698496173593, 0.00044043177274216916
731112.40023390750866383314, 0.00000000000000000000, 0.00000000000000000000
731112.40034964820370078087, 0.00000000000000000000, 0.00000000000000000000
731112.40046538889873772860, 0.00000000000000000000, 0.00000000000000000000
731112.40058112959377467632, 0.00000000000000000000, 0.00000000000000000000
731112.40069687028881162405, 0.00000211199052674330, 0.00002915454932244396
731112.40081261098384857178, 0.00000453899731684431, 0.00006265767742454577
731112.40092835167888551950, 0.00000000000000000000, 0.00000000000000000000
731112.40104409237392246723, 0.00000051443374098695, 0.00000310959733814310
731112.40115983306895941496, 0.00000110489325204705, 0.00000667874760490286
731112.40127557376399636269, 0.00000000000000000000, 0.00000000000000000000
731112.40139131445903331041, 0.00000000000000000000, 0.00000000000000000000
731112.40150705515407025814, 0.00000000000000000000, 0.00000000000000000000
731112.40162279584910720587, 0.00001034726780344139, 0.00010403231022773053
731112.40173853654414415359, 0.00000000000000000000, 0.00000000000000000000
731112.40185427723918110132, 0.00000000000000000000, 0.00000000000000000000
731112.40197001793421804905, 0.00000000000000000000, 0.00000000000000000000
731112.40208575862925499678, 0.00000000000000000000, 0.00000000000000000000
731112.40220149932429194450, 0.00000227273856338468, 0.00001436598010196673
731112.40231724001932889223, 0.00000061003089727363, 0.00000304744011428302
731112.40243298071436583996, 0.00000000000000000000, 0.00000000000000000000
731112.40254872140940278769, 0.00000000000000000000, 0.00000000000000000000
731112.40266446210443973541, 0.00000000000000000000, 0.00000000000000000000
731112.40278020279947668314, 0.00000000000000000000, 0.00000000000000000000
731112.40289594349451363087, 0.00000000000000000000, 0.00000000000000000000
731112.40301168418955057859, 0.00000000000000000000, 0.00000000000000000000
731112.40312742488458752632, 0.00000000000000000000, 0.00000000000000000000
731112.40324316557962447405, 0.00000000000000000000, 0.00000000000000000000
731112.40335890627466142178, 0.00000067910799459773, 0.00000533180944069179
731112.40347464696969836950, 0.00000145240935676535, 0.00001140314939855447
731112.40359038766473531723, 0.00000000000000000000, 0.00000000000000000000
731112.40370612835977226496, 0.00000254262047881292, 0.00004837840145886867
731112.40382186905480921268, 0.00000473034736300095, 0.00005313099616501861
731112.40393760974984616041, 0.00000099639041879596, 0.00000839925524620558
731112.40405335044488310814, 0.00000212872227304497, 0.00001794445368231608
731112.40416909113992005587, 0.00000061152750235161, 0.00000326311718982371
731112.40428483183495700359, 0.00000393238614426413, 0.00004316470527041443
731112.40440057252999395132, 0.00000660128169357478, 0.00008565753269295029
731112.40451631322503089905, 0.00001684981047145553, 0.00006724077443609040
731112.40463205392006784678, 0.00001776853155395866, 0.00009193491962632619
731112.40474779461510479450, 0.00003091411086853273, 0.00036169856258164038
731112.40486353531014174223, 0.00003353282117636674, 0.00027689432665018473
731112.40497927600517868996, 0.00006485341683367603, 0.00089401992282741520
731112.40509501670021563768, 0.00002527119278602958, 0.00015169629407868560
731112.40521075739525258541, 0.00001473720527323982, 0.00008275745161098752
731112.40532649809028953314, 0.00001876578955187439, 0.00015616835264320553
731112.40544223878532648087, 0.00002047528831580683, 0.00009135961615276881
731112.40555797948036342859, 0.00006854339930531758, 0.00065006051314053976
731112.40567372017540037632, 0.00003819732826810736, 0.00030584229216874034
731112.40578946087043732405, 0.00004330468647345403, 0.00045357213298587975
731112.40590520156547427177, 0.00006521342457263603, 0.00057339263079798594
731112.40602094226051121950, 0.00005384133103781049, 0.00051314652455276312
731112.40613668295554816723, 0.00005172167551513682, 0.00035100116549422611
731112.40625242365058511496, 0.00002610455597981392, 0.00021570480884732920
731112.40636816434562206268, 0.00001995592066181179, 0.00016383633442035387
731112.40648390504065901041, 0.00003424644760415133, 0.00024681717201947536
731112.40659964573569595814, 0.00001641315859744213, 0.00013212586543099401
731112.40671538643073290586, 0.00001326164711871004, 0.00010497847433677756
731112.40683112712576985359, 0.00007514855381912091, 0.00212878973291514033
731112.40694686782080680132, 0.00010409667309567727, 0.00198773368797641216
731112.40706260851584374905, 0.00044334829765545300, 0.02163790516499418740
731112.40717834921088069677, 0.00026617469931563436, 0.00965054983315022895
731112.40729408990591764450, 0.00021572910904175773, 0.00224820371222983744
731112.40740983060095459223, 0.00014503877458839684, 0.00126764519413390315
731112.40752557129599153996, 0.00011378139025261183, 0.00117385501884979490
731112.40764131199102848768, 0.00008766970561357586, 0.00072512393911634983
731112.40775705268606543541, 0.00009527903048742333, 0.00083184944341300842
731112.40787279338110238314, 0.00004548509311755778, 0.00035447830037928409
731112.40798853407613933086, 0.00009202263174065391, 0.00069765899606672203
731112.40810427477117627859, 0.00027359453298214062, 0.02214642386882659936
731112.40822001546621322632, 0.00030890310857767357, 0.02429384620901208977
731112.40833575616125017405, 0.00009712795610825901, 0.00063417506925109667
731112.40845149685628712177, 0.00009812653320240091, 0.00078965709933452003
731112.40856723755132406950, 0.00005641794782301792, 0.00050263415905188707
731112.40868297824636101723, 0.00003883452463817310, 0.00031293122266082231
731112.40879871894139796495, 0.00002823969423225129, 0.00020382898929873039
731112.40891445963643491268, 0.00004889174548935871, 0.00036447368771431153
731112.40903020033147186041, 0.00008007550759539427, 0.00057755729841272056
731112.40914594102650880814, 0.00007136679012385283, 0.00057538010054473748
731112.40926168172154575586, 0.00004345249788639988, 0.00036199128203141969
731112.40937742241658270359, 0.00006604181808512533, 0.00038675045050036959
731112.40949316311161965132, 0.00018828288207264202, 0.01293926875690348116
731112.40960890380665659904, 0.00006024520831651784, 0.00046977350301623494
731112.40972464450169354677, 0.00009755189693624786, 0.00056963020060638069
731112.40984038519673049450, 0.00004424471268197261, 0.00032285483193986728
731112.40995612589176744223, 0.00004199794165319731, 0.00032103821633089910
731112.41007186658680438995, 0.00005614317088922896, 0.00033146002053589395
731112.41018760728184133768, 0.00003216343176233592, 0.00021619551007333332
731112.41030334797687828541, 0.00005324433506693230, 0.00061205522452375529
731112.41041908867191523314, 0.00002409559280596065, 0.00016126415133585825
731112.41053482936695218086, 0.00006325627999733405, 0.00031577162011400459
731112.41065057006198912859, 0.00003150491876666021, 0.00024420510834954461
731112.41076631075702607632, 0.00005215857606662410, 0.00026339596256965439
731112.41088205145206302404, 0.00003420307926434454, 0.00025995032681916901
731112.41099779214709997177, 0.00005513756297534065, 0.00044473749280029163
731112.41111353284213691950, 0.00001821266205931831, 0.00015692219881300744
731112.41122927353717386723, 0.00002112387249039790, 0.00017881354362330333
731112.41134501423221081495, 0.00008312861564571062, 0.00066442564441436156
731112.41146075492724776268, 0.00001854411347883035, 0.00017033938708724671
731112.41157649562228471041, 0.00003768251584841258, 0.00035517313806718656
731112.41169223631732165813, 0.00001816778676879846, 0.00014053903130936798
731112.41180797701235860586, 0.00015517645696813394, 0.01614618420986727726
731112.41192371770739555359, 0.00003244774910769702, 0.00028111004403282995
731112.41203945840243250132, 0.00003434464099901099, 0.00030674318067781348
731112.41215519909746944904, 0.00000854552084118705, 0.00008805923241674658
731112.41227093979250639677, 0.00002625780848774059, 0.00018318253853501042
731112.41238668048754334450, 0.00004171448430118891, 0.00035971794418874825
731112.41250242118258029222, 0.00002504431271805373, 0.00021900346578864765
731112.41261816187761723995, 0.00000972674295299547, 0.00006550554532328664
731112.41273390257265418768, 0.00002581092970979752, 0.00027231283466212330
731112.41284964326769113541, 0.00002673815624075180, 0.00047447936265848981
731112.41296538396272808313, 0.00001467366261910622, 0.00012492811143313896
731112.41308112465776503086, 0.00002789540355202180, 0.00017063783012417682
731112.41319686535280197859, 0.00001831867907567895, 0.00011354877992236495
731112.41331260604783892632, 0.00004782180773778376, 0.00047832509033276388
731112.41342834674287587404, 0.00001474398805944781, 0.00012017213140898808
731112.41354408743791282177, 0.00000671322597772569, 0.00004989040159019638
731112.41365982813294976950, 0.00000802647887353951, 0.00006126104248314086
731112.41377556882798671722, 0.00000066973846552579, 0.00000245976772690759
731112.41389130952302366495, 0.00000000000000000000, 0.00000000000000000000
731112.41400705021806061268, 0.00000000000000000000, 0.00000000000000000000
731112.41412279091309756041, 0.00000000000000000000, 0.00000000000000000000
731112.41423853160813450813, 0.00000000000000000000, 0.00000000000000000000
731112.41435427230317145586, 0.00001291934746404381, 0.00013695316819158063
731112.41447001299820840359, 0.00000389210138608592, 0.00003982033571073248
731112.41458575369324535131, 0.00000124159125942631, 0.00001211752214140918
731112.41470149438828229904, 0.00000260157776240818, 0.00002539054290149008
731112.41481723508331924677, 0.00000000000000000000, 0.00000000000000000000
731112.41493297577835619450, 0.00000396279452547885, 0.00003653948358833788
731112.41504871647339314222, 0.00001770128848276258, 0.00005152443926364835
731112.41516445716843008995, 0.00012743941617539270, 0.00075790605674024394
731112.41528019786346703768, 0.00008151830482461188, 0.00051004740821675241
731112.41539593855850398540, 0.00011323258750346454, 0.00092660059750742968
731112.41551167925354093313, 0.00008201973849886815, 0.00071521970095617018
731112.41562741994857788086, 0.00002024287418308175, 0.00016658361320686906
731112.41574316064361482859, 0.00000504864999721518, 0.00006882911044964243
731112.41585890133865177631, 0.00000016231126083641, 0.00000040880116041058
731112.41597464203368872404, 0.00000000000000000000, 0.00000000000000000000
731112.41609038272872567177, 0.00000000000000000000, 0.00000000000000000000
731112.41620612342376261950, 0.00000706890287736640, 0.00006752918995525457
731112.41632186411879956722, 0.00000494547875035103, 0.00002386961630431172
731112.41643760481383651495, 0.00001937546593061073, 0.00017906827020985045
731112.41655334550887346268, 0.00003317837924592089, 0.00028856545190983894
731112.41666908620391041040, 0.00000048290288767133, 0.00000218925210543657
